Product,Version,Supplier,License URL,Homepage URL,Download URL,License Proof URL,Link Type,License Name
logback-classic,1.2.10,QOS.ch,https://www.gnu.org/licenses/lgpl-2.1,http://www.qos.ch,https://mvnrepository.com/artifact/ch.qos.logback/logback-classic/1.2.10,https://mvnrepository.com/artifact/ch.qos.logback/logback-classic/1.2.10,Dynamic,GNU LESSER GENERAL PUBLIC LICENSE; Version 2.1
logback-core,1.2.10,QOS.ch,https://www.gnu.org/licenses/lgpl-2.1,http://www.qos.ch,https://mvnrepository.com/artifact/ch.qos.logback/logback-core/1.2.10,https://mvnrepository.com/artifact/ch.qos.logback/logback-core/1.2.10,Dynamic,GNU LESSER GENERAL PUBLIC LICENSE; Version 2.1
kryo,2.24.0,,https://opensource.org/licenses/BSD-2-Clause,https://github.com/EsotericSoftware/kryo,https://mvnrepository.com/artifact/com.esotericsoftware.kryo/kryo/2.24.0,https://mvnrepository.com/artifact/com.esotericsoftware.kryo/kryo/2.24.0,Dynamic,The 2-Clause BSD License
minlog,1.2,,https://opensource.org/licenses/BSD-2-Clause,http://code.google.com/p/minlog/,https://mvnrepository.com/artifact/com.esotericsoftware.minlog/minlog/1.2,https://mvnrepository.com/artifact/com.esotericsoftware.minlog/minlog/1.2,Dynamic,The 2-Clause BSD License
classmate,1.5.1,fasterxml.com,https://www.apache.org/licenses/LICENSE-2.0,https://github.com/FasterXML/java-classmate,https://mvnrepository.com/artifact/com.fasterxml/classmate/1.5.1,https://mvnrepository.com/artifact/com.fasterxml/classmate/1.5.1,Dynamic,Apache License; Version 2.0
jackson-bom,2.13.1,,https://www.apache.org/licenses/LICENSE-2.0,https://github.com/FasterXML/jackson-bom,https://mvnrepository.com/artifact/com.fasterxml.jackson/jackson-bom/2.13.1,https://mvnrepository.com/artifact/com.fasterxml.jackson/jackson-bom/2.13.1,Dynamic,Apache License; Version 2.0
jackson-annotations,2.12.1,FasterXML,https://www.apache.org/licenses/LICENSE-2.0,http://github.com/FasterXML/jackson,https://mvnrepository.com/artifact/com.fasterxml.jackson.core/jackson-annotations/2.12.1,https://mvnrepository.com/artifact/com.fasterxml.jackson.core/jackson-annotations/2.12.1,Dynamic,Apache License; Version 2.0
jackson-annotations,2.13.1,FasterXML,https://www.apache.org/licenses/LICENSE-2.0,http://github.com/FasterXML/jackson,https://mvnrepository.com/artifact/com.fasterxml.jackson.core/jackson-annotations/2.13.1,https://mvnrepository.com/artifact/com.fasterxml.jackson.core/jackson-annotations/2.13.1,Dynamic,Apache License; Version 2.0
jackson-core,2.12.1,FasterXML,https://www.apache.org/licenses/LICENSE-2.0,https://github.com/FasterXML/jackson-core,https://mvnrepository.com/artifact/com.fasterxml.jackson.core/jackson-core/2.12.1,https://mvnrepository.com/artifact/com.fasterxml.jackson.core/jackson-core/2.12.1,Dynamic,Apache License; Version 2.0
jackson-core,2.13.1,FasterXML,https://www.apache.org/licenses/LICENSE-2.0,https://github.com/FasterXML/jackson-core,https://mvnrepository.com/artifact/com.fasterxml.jackson.core/jackson-core/2.13.1,https://mvnrepository.com/artifact/com.fasterxml.jackson.core/jackson-core/2.13.1,Dynamic,Apache License; Version 2.0
jackson-databind,2.12.1,FasterXML,https://www.apache.org/licenses/LICENSE-2.0,http://github.com/FasterXML/jackson,https://mvnrepository.com/artifact/com.fasterxml.jackson.core/jackson-databind/2.12.1,https://mvnrepository.com/artifact/com.fasterxml.jackson.core/jackson-databind/2.12.1,Dynamic,Apache License; Version 2.0
jackson-databind,2.13.1,FasterXML,https://www.apache.org/licenses/LICENSE-2.0,http://github.com/FasterXML/jackson,https://mvnrepository.com/artifact/com.fasterxml.jackson.core/jackson-databind/2.13.1,https://mvnrepository.com/artifact/com.fasterxml.jackson.core/jackson-databind/2.13.1,Dynamic,Apache License; Version 2.0
jackson-dataformat-yaml,2.12.1,FasterXML,https://www.apache.org/licenses/LICENSE-2.0,https://github.com/FasterXML/jackson-dataformats-text,https://mvnrepository.com/artifact/com.fasterxml.jackson.dataformat/jackson-dataformat-yaml/2.12.1,https://mvnrepository.com/artifact/com.fasterxml.jackson.dataformat/jackson-dataformat-yaml/2.12.1,Dynamic,Apache License; Version 2.0
jackson-dataformat-yaml,2.13.1,FasterXML,https://www.apache.org/licenses/LICENSE-2.0,https://github.com/FasterXML/jackson-dataformats-text,https://mvnrepository.com/artifact/com.fasterxml.jackson.dataformat/jackson-dataformat-yaml/2.13.1,https://mvnrepository.com/artifact/com.fasterxml.jackson.dataformat/jackson-dataformat-yaml/2.13.1,Dynamic,Apache License; Version 2.0
jackson-datatype-jdk8,2.13.1,FasterXML,https://www.apache.org/licenses/LICENSE-2.0,https://github.com/FasterXML/jackson-modules-java8/jackson-datatype-jdk8,https://mvnrepository.com/artifact/com.fasterxml.jackson.datatype/jackson-datatype-jdk8/2.13.1,https://mvnrepository.com/artifact/com.fasterxml.jackson.datatype/jackson-datatype-jdk8/2.13.1,Dynamic,Apache License; Version 2.0
jackson-datatype-jsr310,2.12.1,FasterXML,https://www.apache.org/licenses/LICENSE-2.0,https://github.com/FasterXML/jackson-modules-java8/jackson-datatype-jsr310,https://mvnrepository.com/artifact/com.fasterxml.jackson.datatype/jackson-datatype-jsr310/2.12.1,https://mvnrepository.com/artifact/com.fasterxml.jackson.datatype/jackson-datatype-jsr310/2.12.1,Dynamic,Apache License; Version 2.0
jackson-datatype-jsr310,2.13.1,FasterXML,https://www.apache.org/licenses/LICENSE-2.0,https://github.com/FasterXML/jackson-modules-java8/jackson-datatype-jsr310,https://mvnrepository.com/artifact/com.fasterxml.jackson.datatype/jackson-datatype-jsr310/2.13.1,https://mvnrepository.com/artifact/com.fasterxml.jackson.datatype/jackson-datatype-jsr310/2.13.1,Dynamic,Apache License; Version 2.0
jackson-module-jaxb-annotations,2.13.1,FasterXML,https://www.apache.org/licenses/LICENSE-2.0,https://github.com/FasterXML/jackson-modules-base,https://mvnrepository.com/artifact/com.fasterxml.jackson.module/jackson-module-jaxb-annotations/2.13.1,https://mvnrepository.com/artifact/com.fasterxml.jackson.module/jackson-module-jaxb-annotations/2.13.1,Dynamic,Apache License; Version 2.0
jackson-module-kotlin,2.13.1,FasterXML,https://www.apache.org/licenses/LICENSE-2.0,https://github.com/FasterXML/jackson-module-kotlin,https://mvnrepository.com/artifact/com.fasterxml.jackson.module/jackson-module-kotlin/2.13.1,https://mvnrepository.com/artifact/com.fasterxml.jackson.module/jackson-module-kotlin/2.13.1,Dynamic,Apache License; Version 2.0
jackson-module-parameter-names,2.13.1,FasterXML,https://www.apache.org/licenses/LICENSE-2.0,https://github.com/FasterXML/jackson-modules-java8/jackson-module-parameter-names,https://mvnrepository.com/artifact/com.fasterxml.jackson.module/jackson-module-parameter-names/2.13.1,https://mvnrepository.com/artifact/com.fasterxml.jackson.module/jackson-module-parameter-names/2.13.1,Dynamic,Apache License; Version 2.0
generex,1.0.2,,https://www.apache.org/licenses/LICENSE-2.0,https://github.com/mifmif/Generex/tree/master,https://mvnrepository.com/artifact/com.github.mifmif/generex/1.0.2,https://mvnrepository.com/artifact/com.github.mifmif/generex/1.0.2,Dynamic,Apache License; Version 2.0
jsr305,1.3.9,,https://www.apache.org/licenses/LICENSE-2.0,http://findbugs.sourceforge.net/,https://mvnrepository.com/artifact/com.google.code.findbugs/jsr305/1.3.9,https://mvnrepository.com/artifact/com.google.code.findbugs/jsr305/1.3.9,Dynamic,Apache License; Version 2.0
logging-interceptor,3.12.12,,https://www.apache.org/licenses/LICENSE-2.0,,https://mvnrepository.com/artifact/com.squareup.okhttp3/logging-interceptor/3.12.12,https://mvnrepository.com/artifact/com.squareup.okhttp3/logging-interceptor/3.12.12,Dynamic,Apache License; Version 2.0
logging-interceptor,3.14.9,,https://www.apache.org/licenses/LICENSE-2.0,,https://mvnrepository.com/artifact/com.squareup.okhttp3/logging-interceptor/3.14.9,https://mvnrepository.com/artifact/com.squareup.okhttp3/logging-interceptor/3.14.9,Dynamic,Apache License; Version 2.0
okhttp,3.12.12,,https://www.apache.org/licenses/LICENSE-2.0,,https://mvnrepository.com/artifact/com.squareup.okhttp3/okhttp/3.12.12,https://mvnrepository.com/artifact/com.squareup.okhttp3/okhttp/3.12.12,Dynamic,Apache License; Version 2.0
okhttp,3.14.9,,https://www.apache.org/licenses/LICENSE-2.0,,https://mvnrepository.com/artifact/com.squareup.okhttp3/okhttp/3.14.9,https://mvnrepository.com/artifact/com.squareup.okhttp3/okhttp/3.14.9,Dynamic,Apache License; Version 2.0
okio,1.15.0,,https://www.apache.org/licenses/LICENSE-2.0,,https://mvnrepository.com/artifact/com.squareup.okio/okio/1.15.0,https://mvnrepository.com/artifact/com.squareup.okio/okio/1.15.0,Dynamic,Apache License; Version 2.0
okio,1.17.2,,https://www.apache.org/licenses/LICENSE-2.0,,https://mvnrepository.com/artifact/com.squareup.okio/okio/1.17.2,https://mvnrepository.com/artifact/com.squareup.okio/okio/1.17.2,Dynamic,Apache License; Version 2.0
jakarta.activation,1.2.2,Eclipse Foundation,https://openjdk.java.net/legal/gplv2+ce.html,https://www.eclipse.org,https://mvnrepository.com/artifact/com.sun.activation/jakarta.activation/1.2.2,https://mvnrepository.com/artifact/com.sun.activation/jakarta.activation/1.2.2,Dynamic,GNU GENERAL PUBLIC LICENSE; Version 2 + Classpath Exception
istack-commons-runtime,3.0.12,Eclipse Foundation,null,https://www.eclipse.org,https://mvnrepository.com/artifact/com.sun.istack/istack-commons-runtime/3.0.12,https://mvnrepository.com/artifact/com.sun.istack/istack-commons-runtime/3.0.12,Dynamic,PUBLIC DOMAIN
chill-java,0.7.6,com.twitter,https://www.apache.org/licenses/LICENSE-2.0,https://github.com/twitter/chill,https://mvnrepository.com/artifact/com.twitter/chill-java/0.7.6,https://mvnrepository.com/artifact/com.twitter/chill-java/0.7.6,Dynamic,Apache License; Version 2.0
chill_2.12,0.7.6,com.twitter,https://www.apache.org/licenses/LICENSE-2.0,https://github.com/twitter/chill,https://mvnrepository.com/artifact/com.twitter/chill_2.12/0.7.6,https://mvnrepository.com/artifact/com.twitter/chill_2.12/0.7.6,Dynamic,Apache License; Version 2.0
commons-cli,1.3.1,The Apache Software Foundation,https://www.apache.org/licenses/LICENSE-2.0,http://commons.apache.org/proper/commons-cli/,https://mvnrepository.com/artifact/commons-cli/commons-cli/1.3.1,https://mvnrepository.com/artifact/commons-cli/commons-cli/1.3.1,Dynamic,Apache License; Version 2.0
commons-collections,3.2.2,The Apache Software Foundation,https://www.apache.org/licenses/LICENSE-2.0,http://commons.apache.org/collections/,https://mvnrepository.com/artifact/commons-collections/commons-collections/3.2.2,https://mvnrepository.com/artifact/commons-collections/commons-collections/3.2.2,Dynamic,Apache License; Version 2.0
commons-io,2.8.0,The Apache Software Foundation,https://www.apache.org/licenses/LICENSE-2.0,https://commons.apache.org/proper/commons-io/,https://mvnrepository.com/artifact/commons-io/commons-io/2.8.0,https://mvnrepository.com/artifact/commons-io/commons-io/2.8.0,Dynamic,Apache License; Version 2.0
automaton,1.11-8,,https://opensource.org/licenses/BSD-2-Clause,http://www.brics.dk/automaton/,https://mvnrepository.com/artifact/dk.brics.automaton/automaton/1.11-8,https://mvnrepository.com/artifact/dk.brics.automaton/automaton/1.11-8,Dynamic,The 2-Clause BSD License
kubernetes-client,5.12.1,Red Hat,https://www.apache.org/licenses/LICENSE-2.0,,https://mvnrepository.com/artifact/io.fabric8/kubernetes-client/5.12.1,https://mvnrepository.com/artifact/io.fabric8/kubernetes-client/5.12.1,Dynamic,Apache License; Version 2.0
kubernetes-client,5.5.0,Red Hat,https://www.apache.org/licenses/LICENSE-2.0,,https://mvnrepository.com/artifact/io.fabric8/kubernetes-client/5.5.0,https://mvnrepository.com/artifact/io.fabric8/kubernetes-client/5.5.0,Dynamic,Apache License; Version 2.0
kubernetes-model-admissionregistration,5.12.1,Red Hat,https://www.apache.org/licenses/LICENSE-2.0,http://redhat.com,https://mvnrepository.com/artifact/io.fabric8/kubernetes-model-admissionregistration/5.12.1,https://mvnrepository.com/artifact/io.fabric8/kubernetes-model-admissionregistration/5.12.1,Dynamic,Apache License; Version 2.0
kubernetes-model-admissionregistration,5.5.0,Red Hat,https://www.apache.org/licenses/LICENSE-2.0,http://redhat.com,https://mvnrepository.com/artifact/io.fabric8/kubernetes-model-admissionregistration/5.5.0,https://mvnrepository.com/artifact/io.fabric8/kubernetes-model-admissionregistration/5.5.0,Dynamic,Apache License; Version 2.0
kubernetes-model-apiextensions,5.12.1,Red Hat,https://www.apache.org/licenses/LICENSE-2.0,http://redhat.com,https://mvnrepository.com/artifact/io.fabric8/kubernetes-model-apiextensions/5.12.1,https://mvnrepository.com/artifact/io.fabric8/kubernetes-model-apiextensions/5.12.1,Dynamic,Apache License; Version 2.0
kubernetes-model-apiextensions,5.5.0,Red Hat,https://www.apache.org/licenses/LICENSE-2.0,http://redhat.com,https://mvnrepository.com/artifact/io.fabric8/kubernetes-model-apiextensions/5.5.0,https://mvnrepository.com/artifact/io.fabric8/kubernetes-model-apiextensions/5.5.0,Dynamic,Apache License; Version 2.0
kubernetes-model-apps,5.12.1,Red Hat,https://www.apache.org/licenses/LICENSE-2.0,http://redhat.com,https://mvnrepository.com/artifact/io.fabric8/kubernetes-model-apps/5.12.1,https://mvnrepository.com/artifact/io.fabric8/kubernetes-model-apps/5.12.1,Dynamic,Apache License; Version 2.0
kubernetes-model-apps,5.5.0,Red Hat,https://www.apache.org/licenses/LICENSE-2.0,http://redhat.com,https://mvnrepository.com/artifact/io.fabric8/kubernetes-model-apps/5.5.0,https://mvnrepository.com/artifact/io.fabric8/kubernetes-model-apps/5.5.0,Dynamic,Apache License; Version 2.0
kubernetes-model-autoscaling,5.12.1,Red Hat,https://www.apache.org/licenses/LICENSE-2.0,http://redhat.com,https://mvnrepository.com/artifact/io.fabric8/kubernetes-model-autoscaling/5.12.1,https://mvnrepository.com/artifact/io.fabric8/kubernetes-model-autoscaling/5.12.1,Dynamic,Apache License; Version 2.0
kubernetes-model-autoscaling,5.5.0,Red Hat,https://www.apache.org/licenses/LICENSE-2.0,http://redhat.com,https://mvnrepository.com/artifact/io.fabric8/kubernetes-model-autoscaling/5.5.0,https://mvnrepository.com/artifact/io.fabric8/kubernetes-model-autoscaling/5.5.0,Dynamic,Apache License; Version 2.0
kubernetes-model-batch,5.12.1,Red Hat,https://www.apache.org/licenses/LICENSE-2.0,http://redhat.com,https://mvnrepository.com/artifact/io.fabric8/kubernetes-model-batch/5.12.1,https://mvnrepository.com/artifact/io.fabric8/kubernetes-model-batch/5.12.1,Dynamic,Apache License; Version 2.0
kubernetes-model-batch,5.5.0,Red Hat,https://www.apache.org/licenses/LICENSE-2.0,http://redhat.com,https://mvnrepository.com/artifact/io.fabric8/kubernetes-model-batch/5.5.0,https://mvnrepository.com/artifact/io.fabric8/kubernetes-model-batch/5.5.0,Dynamic,Apache License; Version 2.0
kubernetes-model-certificates,5.12.1,Red Hat,https://www.apache.org/licenses/LICENSE-2.0,http://redhat.com,https://mvnrepository.com/artifact/io.fabric8/kubernetes-model-certificates/5.12.1,https://mvnrepository.com/artifact/io.fabric8/kubernetes-model-certificates/5.12.1,Dynamic,Apache License; Version 2.0
kubernetes-model-certificates,5.5.0,Red Hat,https://www.apache.org/licenses/LICENSE-2.0,http://redhat.com,https://mvnrepository.com/artifact/io.fabric8/kubernetes-model-certificates/5.5.0,https://mvnrepository.com/artifact/io.fabric8/kubernetes-model-certificates/5.5.0,Dynamic,Apache License; Version 2.0
kubernetes-model-common,5.12.1,Red Hat,https://www.apache.org/licenses/LICENSE-2.0,http://redhat.com,https://mvnrepository.com/artifact/io.fabric8/kubernetes-model-common/5.12.1,https://mvnrepository.com/artifact/io.fabric8/kubernetes-model-common/5.12.1,Dynamic,Apache License; Version 2.0
kubernetes-model-common,5.5.0,Red Hat,https://www.apache.org/licenses/LICENSE-2.0,http://redhat.com,https://mvnrepository.com/artifact/io.fabric8/kubernetes-model-common/5.5.0,https://mvnrepository.com/artifact/io.fabric8/kubernetes-model-common/5.5.0,Dynamic,Apache License; Version 2.0
kubernetes-model-coordination,5.12.1,Red Hat,https://www.apache.org/licenses/LICENSE-2.0,http://redhat.com,https://mvnrepository.com/artifact/io.fabric8/kubernetes-model-coordination/5.12.1,https://mvnrepository.com/artifact/io.fabric8/kubernetes-model-coordination/5.12.1,Dynamic,Apache License; Version 2.0
kubernetes-model-coordination,5.5.0,Red Hat,https://www.apache.org/licenses/LICENSE-2.0,http://redhat.com,https://mvnrepository.com/artifact/io.fabric8/kubernetes-model-coordination/5.5.0,https://mvnrepository.com/artifact/io.fabric8/kubernetes-model-coordination/5.5.0,Dynamic,Apache License; Version 2.0
kubernetes-model-core,5.12.1,Red Hat,https://www.apache.org/licenses/LICENSE-2.0,http://redhat.com,https://mvnrepository.com/artifact/io.fabric8/kubernetes-model-core/5.12.1,https://mvnrepository.com/artifact/io.fabric8/kubernetes-model-core/5.12.1,Dynamic,Apache License; Version 2.0
kubernetes-model-core,5.5.0,Red Hat,https://www.apache.org/licenses/LICENSE-2.0,http://redhat.com,https://mvnrepository.com/artifact/io.fabric8/kubernetes-model-core/5.5.0,https://mvnrepository.com/artifact/io.fabric8/kubernetes-model-core/5.5.0,Dynamic,Apache License; Version 2.0
kubernetes-model-discovery,5.12.1,Red Hat,https://www.apache.org/licenses/LICENSE-2.0,http://redhat.com,https://mvnrepository.com/artifact/io.fabric8/kubernetes-model-discovery/5.12.1,https://mvnrepository.com/artifact/io.fabric8/kubernetes-model-discovery/5.12.1,Dynamic,Apache License; Version 2.0
kubernetes-model-discovery,5.5.0,Red Hat,https://www.apache.org/licenses/LICENSE-2.0,http://redhat.com,https://mvnrepository.com/artifact/io.fabric8/kubernetes-model-discovery/5.5.0,https://mvnrepository.com/artifact/io.fabric8/kubernetes-model-discovery/5.5.0,Dynamic,Apache License; Version 2.0
kubernetes-model-events,5.12.1,Red Hat,https://www.apache.org/licenses/LICENSE-2.0,http://redhat.com,https://mvnrepository.com/artifact/io.fabric8/kubernetes-model-events/5.12.1,https://mvnrepository.com/artifact/io.fabric8/kubernetes-model-events/5.12.1,Dynamic,Apache License; Version 2.0
kubernetes-model-events,5.5.0,Red Hat,https://www.apache.org/licenses/LICENSE-2.0,http://redhat.com,https://mvnrepository.com/artifact/io.fabric8/kubernetes-model-events/5.5.0,https://mvnrepository.com/artifact/io.fabric8/kubernetes-model-events/5.5.0,Dynamic,Apache License; Version 2.0
kubernetes-model-extensions,5.12.1,Red Hat,https://www.apache.org/licenses/LICENSE-2.0,http://redhat.com,https://mvnrepository.com/artifact/io.fabric8/kubernetes-model-extensions/5.12.1,https://mvnrepository.com/artifact/io.fabric8/kubernetes-model-extensions/5.12.1,Dynamic,Apache License; Version 2.0
kubernetes-model-extensions,5.5.0,Red Hat,https://www.apache.org/licenses/LICENSE-2.0,http://redhat.com,https://mvnrepository.com/artifact/io.fabric8/kubernetes-model-extensions/5.5.0,https://mvnrepository.com/artifact/io.fabric8/kubernetes-model-extensions/5.5.0,Dynamic,Apache License; Version 2.0
kubernetes-model-flowcontrol,5.12.1,Red Hat,https://www.apache.org/licenses/LICENSE-2.0,http://redhat.com,https://mvnrepository.com/artifact/io.fabric8/kubernetes-model-flowcontrol/5.12.1,https://mvnrepository.com/artifact/io.fabric8/kubernetes-model-flowcontrol/5.12.1,Dynamic,Apache License; Version 2.0
kubernetes-model-flowcontrol,5.5.0,Red Hat,https://www.apache.org/licenses/LICENSE-2.0,http://redhat.com,https://mvnrepository.com/artifact/io.fabric8/kubernetes-model-flowcontrol/5.5.0,https://mvnrepository.com/artifact/io.fabric8/kubernetes-model-flowcontrol/5.5.0,Dynamic,Apache License; Version 2.0
kubernetes-model-metrics,5.12.1,Red Hat,https://www.apache.org/licenses/LICENSE-2.0,http://redhat.com,https://mvnrepository.com/artifact/io.fabric8/kubernetes-model-metrics/5.12.1,https://mvnrepository.com/artifact/io.fabric8/kubernetes-model-metrics/5.12.1,Dynamic,Apache License; Version 2.0
kubernetes-model-metrics,5.5.0,Red Hat,https://www.apache.org/licenses/LICENSE-2.0,http://redhat.com,https://mvnrepository.com/artifact/io.fabric8/kubernetes-model-metrics/5.5.0,https://mvnrepository.com/artifact/io.fabric8/kubernetes-model-metrics/5.5.0,Dynamic,Apache License; Version 2.0
kubernetes-model-networking,5.12.1,Red Hat,https://www.apache.org/licenses/LICENSE-2.0,http://redhat.com,https://mvnrepository.com/artifact/io.fabric8/kubernetes-model-networking/5.12.1,https://mvnrepository.com/artifact/io.fabric8/kubernetes-model-networking/5.12.1,Dynamic,Apache License; Version 2.0
kubernetes-model-networking,5.5.0,Red Hat,https://www.apache.org/licenses/LICENSE-2.0,http://redhat.com,https://mvnrepository.com/artifact/io.fabric8/kubernetes-model-networking/5.5.0,https://mvnrepository.com/artifact/io.fabric8/kubernetes-model-networking/5.5.0,Dynamic,Apache License; Version 2.0
kubernetes-model-node,5.12.1,Red Hat,https://www.apache.org/licenses/LICENSE-2.0,http://redhat.com,https://mvnrepository.com/artifact/io.fabric8/kubernetes-model-node/5.12.1,https://mvnrepository.com/artifact/io.fabric8/kubernetes-model-node/5.12.1,Dynamic,Apache License; Version 2.0
kubernetes-model-node,5.5.0,Red Hat,https://www.apache.org/licenses/LICENSE-2.0,http://redhat.com,https://mvnrepository.com/artifact/io.fabric8/kubernetes-model-node/5.5.0,https://mvnrepository.com/artifact/io.fabric8/kubernetes-model-node/5.5.0,Dynamic,Apache License; Version 2.0
kubernetes-model-policy,5.12.1,Red Hat,https://www.apache.org/licenses/LICENSE-2.0,http://redhat.com,https://mvnrepository.com/artifact/io.fabric8/kubernetes-model-policy/5.12.1,https://mvnrepository.com/artifact/io.fabric8/kubernetes-model-policy/5.12.1,Dynamic,Apache License; Version 2.0
kubernetes-model-policy,5.5.0,Red Hat,https://www.apache.org/licenses/LICENSE-2.0,http://redhat.com,https://mvnrepository.com/artifact/io.fabric8/kubernetes-model-policy/5.5.0,https://mvnrepository.com/artifact/io.fabric8/kubernetes-model-policy/5.5.0,Dynamic,Apache License; Version 2.0
kubernetes-model-rbac,5.12.1,Red Hat,https://www.apache.org/licenses/LICENSE-2.0,http://redhat.com,https://mvnrepository.com/artifact/io.fabric8/kubernetes-model-rbac/5.12.1,https://mvnrepository.com/artifact/io.fabric8/kubernetes-model-rbac/5.12.1,Dynamic,Apache License; Version 2.0
kubernetes-model-rbac,5.5.0,Red Hat,https://www.apache.org/licenses/LICENSE-2.0,http://redhat.com,https://mvnrepository.com/artifact/io.fabric8/kubernetes-model-rbac/5.5.0,https://mvnrepository.com/artifact/io.fabric8/kubernetes-model-rbac/5.5.0,Dynamic,Apache License; Version 2.0
kubernetes-model-scheduling,5.12.1,Red Hat,https://www.apache.org/licenses/LICENSE-2.0,http://redhat.com,https://mvnrepository.com/artifact/io.fabric8/kubernetes-model-scheduling/5.12.1,https://mvnrepository.com/artifact/io.fabric8/kubernetes-model-scheduling/5.12.1,Dynamic,Apache License; Version 2.0
kubernetes-model-scheduling,5.5.0,Red Hat,https://www.apache.org/licenses/LICENSE-2.0,http://redhat.com,https://mvnrepository.com/artifact/io.fabric8/kubernetes-model-scheduling/5.5.0,https://mvnrepository.com/artifact/io.fabric8/kubernetes-model-scheduling/5.5.0,Dynamic,Apache License; Version 2.0
kubernetes-model-storageclass,5.12.1,Red Hat,https://www.apache.org/licenses/LICENSE-2.0,http://redhat.com,https://mvnrepository.com/artifact/io.fabric8/kubernetes-model-storageclass/5.12.1,https://mvnrepository.com/artifact/io.fabric8/kubernetes-model-storageclass/5.12.1,Dynamic,Apache License; Version 2.0
kubernetes-model-storageclass,5.5.0,Red Hat,https://www.apache.org/licenses/LICENSE-2.0,http://redhat.com,https://mvnrepository.com/artifact/io.fabric8/kubernetes-model-storageclass/5.5.0,https://mvnrepository.com/artifact/io.fabric8/kubernetes-model-storageclass/5.5.0,Dynamic,Apache License; Version 2.0
zjsonpatch,0.3.0,,https://www.apache.org/licenses/LICENSE-2.0,https://github.com/fabric8io/zjsonpatch/,https://mvnrepository.com/artifact/io.fabric8/zjsonpatch/0.3.0,https://mvnrepository.com/artifact/io.fabric8/zjsonpatch/0.3.0,Dynamic,Apache License; Version 2.0
jakarta.activation-api,1.2.2,Eclipse Foundation,https://openjdk.java.net/legal/gplv2+ce.html,https://www.eclipse.org,https://mvnrepository.com/artifact/jakarta.activation/jakarta.activation-api/1.2.2,https://mvnrepository.com/artifact/jakarta.activation/jakarta.activation-api/1.2.2,Dynamic,GNU GENERAL PUBLIC LICENSE; Version 2 + Classpath Exception
jakarta.annotation-api,1.3.5,Eclipse Foundation,https://openjdk.java.net/legal/gplv2+ce.html,https://www.eclipse.org,https://mvnrepository.com/artifact/jakarta.annotation/jakarta.annotation-api/1.3.5,https://mvnrepository.com/artifact/jakarta.annotation/jakarta.annotation-api/1.3.5,Dynamic,GNU GENERAL PUBLIC LICENSE; Version 2 + Classpath Exception
jakarta.validation-api,2.0.2,Eclipse Foundation,https://openjdk.java.net/legal/gplv2+ce.html,https://www.eclipse.org,https://mvnrepository.com/artifact/jakarta.validation/jakarta.validation-api/2.0.2,https://mvnrepository.com/artifact/jakarta.validation/jakarta.validation-api/2.0.2,Dynamic,GNU GENERAL PUBLIC LICENSE; Version 2 + Classpath Exception
jakarta.ws.rs-api,2.1.6,Eclipse Foundation,https://openjdk.java.net/legal/gplv2+ce.html,https://www.eclipse.org/org/foundation/,https://mvnrepository.com/artifact/jakarta.ws.rs/jakarta.ws.rs-api/2.1.6,https://mvnrepository.com/artifact/jakarta.ws.rs/jakarta.ws.rs-api/2.1.6,Dynamic,GNU GENERAL PUBLIC LICENSE; Version 2 + Classpath Exception
jakarta.xml.bind-api,2.3.3,Eclipse Foundation,https://openjdk.java.net/legal/gplv2+ce.html,https://www.eclipse.org,https://mvnrepository.com/artifact/jakarta.xml.bind/jakarta.xml.bind-api/2.3.3,https://mvnrepository.com/artifact/jakarta.xml.bind/jakarta.xml.bind-api/2.3.3,Dynamic,GNU GENERAL PUBLIC LICENSE; Version 2 + Classpath Exception
javax.annotation-api,1.3.2,GlassFish Community,https://oss.oracle.com/licenses/CDDL,https://javaee.github.io/glassfish,https://mvnrepository.com/artifact/javax.annotation/javax.annotation-api/1.3.2,https://mvnrepository.com/artifact/javax.annotation/javax.annotation-api/1.3.2,Dynamic,COMMON DEVELOPMENT AND DISTRIBUTION LICENSE (CDDL) Version 1.0
javax.inject,1,,https://www.apache.org/licenses/LICENSE-2.0,http://code.google.com/p/atinject/,https://mvnrepository.com/artifact/javax.inject/javax.inject/1,https://mvnrepository.com/artifact/javax.inject/javax.inject/1,Dynamic,Apache License; Version 2.0
javax.servlet-api,4.0.1,GlassFish Community,https://oss.oracle.com/licenses/CDDL-1.1,https://javaee.github.io/servlet-spec/,https://mvnrepository.com/artifact/javax.servlet/javax.servlet-api/4.0.1,https://mvnrepository.com/artifact/javax.servlet/javax.servlet-api/4.0.1,Dynamic,COMMON DEVELOPMENT AND DISTRIBUTION LICENSE (CDDL) Version 1.1
javax.ws.rs-api,2.1.1,Eclipse Foundation,https://openjdk.java.net/legal/gplv2+ce.html,https://www.eclipse.org/org/foundation/,https://mvnrepository.com/artifact/javax.ws.rs/javax.ws.rs-api/2.1.1,https://mvnrepository.com/artifact/javax.ws.rs/javax.ws.rs-api/2.1.1,Dynamic,GNU GENERAL PUBLIC LICENSE; Version 2 + Classpath Exception
commons-compress,1.21,The Apache Software Foundation,https://www.apache.org/licenses/LICENSE-2.0,https://commons.apache.org/proper/commons-compress/,https://mvnrepository.com/artifact/org.apache.commons/commons-compress/1.21,https://mvnrepository.com/artifact/org.apache.commons/commons-compress/1.21,Dynamic,Apache License; Version 2.0
commons-lang3,3.12.0,The Apache Software Foundation,https://www.apache.org/licenses/LICENSE-2.0,https://commons.apache.org/proper/commons-lang/,https://mvnrepository.com/artifact/org.apache.commons/commons-lang3/3.12.0,https://mvnrepository.com/artifact/org.apache.commons/commons-lang3/3.12.0,Dynamic,Apache License; Version 2.0
commons-math3,3.5,The Apache Software Foundation,https://www.apache.org/licenses/LICENSE-2.0,http://commons.apache.org/proper/commons-math/,https://mvnrepository.com/artifact/org.apache.commons/commons-math3/3.5,https://mvnrepository.com/artifact/org.apache.commons/commons-math3/3.5,Dynamic,Apache License; Version 2.0
flink-annotations,1.14.3,The Apache Software Foundation,https://www.apache.org/licenses/LICENSE-2.0,,https://mvnrepository.com/artifact/org.apache.flink/flink-annotations/1.14.3,https://mvnrepository.com/artifact/org.apache.flink/flink-annotations/1.14.3,Dynamic,Apache License; Version 2.0
flink-clients_2.12,1.14.3,The Apache Software Foundation,https://www.apache.org/licenses/LICENSE-2.0,,https://mvnrepository.com/artifact/org.apache.flink/flink-clients_2.12/1.14.3,https://mvnrepository.com/artifact/org.apache.flink/flink-clients_2.12/1.14.3,Dynamic,Apache License; Version 2.0
flink-core,1.14.3,The Apache Software Foundation,https://www.apache.org/licenses/LICENSE-2.0,,https://mvnrepository.com/artifact/org.apache.flink/flink-core/1.14.3,https://mvnrepository.com/artifact/org.apache.flink/flink-core/1.14.3,Dynamic,Apache License; Version 2.0
flink-file-sink-common,1.14.3,The Apache Software Foundation,https://www.apache.org/licenses/LICENSE-2.0,,https://mvnrepository.com/artifact/org.apache.flink/flink-file-sink-common/1.14.3,https://mvnrepository.com/artifact/org.apache.flink/flink-file-sink-common/1.14.3,Dynamic,Apache License; Version 2.0
flink-hadoop-fs,1.14.3,The Apache Software Foundation,https://www.apache.org/licenses/LICENSE-2.0,,https://mvnrepository.com/artifact/org.apache.flink/flink-hadoop-fs/1.14.3,https://mvnrepository.com/artifact/org.apache.flink/flink-hadoop-fs/1.14.3,Dynamic,Apache License; Version 2.0
flink-java,1.14.3,The Apache Software Foundation,https://www.apache.org/licenses/LICENSE-2.0,,https://mvnrepository.com/artifact/org.apache.flink/flink-java/1.14.3,https://mvnrepository.com/artifact/org.apache.flink/flink-java/1.14.3,Dynamic,Apache License; Version 2.0
flink-metrics-core,1.14.3,The Apache Software Foundation,https://www.apache.org/licenses/LICENSE-2.0,,https://mvnrepository.com/artifact/org.apache.flink/flink-metrics-core/1.14.3,https://mvnrepository.com/artifact/org.apache.flink/flink-metrics-core/1.14.3,Dynamic,Apache License; Version 2.0
flink-optimizer,1.14.3,The Apache Software Foundation,https://www.apache.org/licenses/LICENSE-2.0,,https://mvnrepository.com/artifact/org.apache.flink/flink-optimizer/1.14.3,https://mvnrepository.com/artifact/org.apache.flink/flink-optimizer/1.14.3,Dynamic,Apache License; Version 2.0
flink-queryable-state-client-java,1.14.3,The Apache Software Foundation,https://www.apache.org/licenses/LICENSE-2.0,,https://mvnrepository.com/artifact/org.apache.flink/flink-queryable-state-client-java/1.14.3,https://mvnrepository.com/artifact/org.apache.flink/flink-queryable-state-client-java/1.14.3,Dynamic,Apache License; Version 2.0
flink-rpc-akka-loader,1.14.3,The Apache Software Foundation,null,,https://mvnrepository.com/artifact/org.apache.flink/flink-rpc-akka-loader/1.14.3,https://mvnrepository.com/artifact/org.apache.flink/flink-rpc-akka-loader/1.14.3,Dynamic,PUBLIC DOMAIN
flink-rpc-core,1.14.3,The Apache Software Foundation,https://www.apache.org/licenses/LICENSE-2.0,,https://mvnrepository.com/artifact/org.apache.flink/flink-rpc-core/1.14.3,https://mvnrepository.com/artifact/org.apache.flink/flink-rpc-core/1.14.3,Dynamic,Apache License; Version 2.0
flink-runtime,1.14.3,The Apache Software Foundation,https://www.apache.org/licenses/LICENSE-2.0,,https://mvnrepository.com/artifact/org.apache.flink/flink-runtime/1.14.3,https://mvnrepository.com/artifact/org.apache.flink/flink-runtime/1.14.3,Dynamic,Apache License; Version 2.0
flink-scala_2.12,1.14.3,The Apache Software Foundation,https://www.apache.org/licenses/LICENSE-2.0,,https://mvnrepository.com/artifact/org.apache.flink/flink-scala_2.12/1.14.3,https://mvnrepository.com/artifact/org.apache.flink/flink-scala_2.12/1.14.3,Dynamic,Apache License; Version 2.0
flink-shaded-asm-7,7.1-14.0,The Apache Software Foundation,https://www.apache.org/licenses/LICENSE-2.0,,https://mvnrepository.com/artifact/org.apache.flink/flink-shaded-asm-7/7.1-14.0,https://mvnrepository.com/artifact/org.apache.flink/flink-shaded-asm-7/7.1-14.0,Dynamic,Apache License; Version 2.0
flink-shaded-force-shading,14.0,The Apache Software Foundation,https://www.apache.org/licenses/LICENSE-2.0,,https://mvnrepository.com/artifact/org.apache.flink/flink-shaded-force-shading/14.0,https://mvnrepository.com/artifact/org.apache.flink/flink-shaded-force-shading/14.0,Dynamic,Apache License; Version 2.0
flink-shaded-guava,30.1.1-jre-14.0,The Apache Software Foundation,https://www.apache.org/licenses/LICENSE-2.0,,https://mvnrepository.com/artifact/org.apache.flink/flink-shaded-guava/30.1.1-jre-14.0,https://mvnrepository.com/artifact/org.apache.flink/flink-shaded-guava/30.1.1-jre-14.0,Dynamic,Apache License; Version 2.0
flink-shaded-jackson,2.12.4-14.0,The Apache Software Foundation,https://www.apache.org/licenses/LICENSE-2.0,,https://mvnrepository.com/artifact/org.apache.flink/flink-shaded-jackson/2.12.4-14.0,https://mvnrepository.com/artifact/org.apache.flink/flink-shaded-jackson/2.12.4-14.0,Dynamic,Apache License; Version 2.0
flink-shaded-netty,4.1.65.Final-14.0,The Apache Software Foundation,https://www.apache.org/licenses/LICENSE-2.0,,https://mvnrepository.com/artifact/org.apache.flink/flink-shaded-netty/4.1.65.Final-14.0,https://mvnrepository.com/artifact/org.apache.flink/flink-shaded-netty/4.1.65.Final-14.0,Dynamic,Apache License; Version 2.0
flink-shaded-zookeeper-3,3.4.14-14.0,The Apache Software Foundation,https://www.apache.org/licenses/LICENSE-2.0,,https://mvnrepository.com/artifact/org.apache.flink/flink-shaded-zookeeper-3/3.4.14-14.0,https://mvnrepository.com/artifact/org.apache.flink/flink-shaded-zookeeper-3/3.4.14-14.0,Dynamic,Apache License; Version 2.0
flink-streaming-java_2.12,1.14.3,The Apache Software Foundation,https://www.apache.org/licenses/LICENSE-2.0,,https://mvnrepository.com/artifact/org.apache.flink/flink-streaming-java_2.12/1.14.3,https://mvnrepository.com/artifact/org.apache.flink/flink-streaming-java_2.12/1.14.3,Dynamic,Apache License; Version 2.0
log4j-api,2.17.1,The Apache Software Foundation,https://www.apache.org/licenses/LICENSE-2.0,https://www.apache.org/,https://mvnrepository.com/artifact/org.apache.logging.log4j/log4j-api/2.17.1,https://mvnrepository.com/artifact/org.apache.logging.log4j/log4j-api/2.17.1,Dynamic,Apache License; Version 2.0
log4j-to-slf4j,2.17.1,The Apache Software Foundation,https://www.apache.org/licenses/LICENSE-2.0,https://www.apache.org/,https://mvnrepository.com/artifact/org.apache.logging.log4j/log4j-to-slf4j/2.17.1,https://mvnrepository.com/artifact/org.apache.logging.log4j/log4j-to-slf4j/2.17.1,Dynamic,Apache License; Version 2.0
tomcat-embed-core,9.0.56,Apache Software Foundation,https://oss.oracle.com/licenses/CDDL,https://tomcat.apache.org/,https://mvnrepository.com/artifact/org.apache.tomcat.embed/tomcat-embed-core/9.0.56,https://mvnrepository.com/artifact/org.apache.tomcat.embed/tomcat-embed-core/9.0.56,Dynamic,COMMON DEVELOPMENT AND DISTRIBUTION LICENSE (CDDL) Version 1.0
tomcat-embed-el,9.0.56,Apache Software Foundation,https://www.apache.org/licenses/LICENSE-2.0,https://tomcat.apache.org/,https://mvnrepository.com/artifact/org.apache.tomcat.embed/tomcat-embed-el/9.0.56,https://mvnrepository.com/artifact/org.apache.tomcat.embed/tomcat-embed-el/9.0.56,Dynamic,Apache License; Version 2.0
tomcat-embed-websocket,9.0.56,Apache Software Foundation,https://www.apache.org/licenses/LICENSE-2.0,https://tomcat.apache.org/,https://mvnrepository.com/artifact/org.apache.tomcat.embed/tomcat-embed-websocket/9.0.56,https://mvnrepository.com/artifact/org.apache.tomcat.embed/tomcat-embed-websocket/9.0.56,Dynamic,Apache License; Version 2.0
class-model,2.6.1,Oracle Corporation,https://openjdk.java.net/legal/gplv2+ce.html,http://www.oracle.com,https://mvnrepository.com/artifact/org.glassfish.hk2/class-model/2.6.1,https://mvnrepository.com/artifact/org.glassfish.hk2/class-model/2.6.1,Dynamic,GNU GENERAL PUBLIC LICENSE; Version 2 + Classpath Exception
hk2,2.6.1,Oracle Corporation,https://openjdk.java.net/legal/gplv2+ce.html,http://www.oracle.com,https://mvnrepository.com/artifact/org.glassfish.hk2/hk2/2.6.1,https://mvnrepository.com/artifact/org.glassfish.hk2/hk2/2.6.1,Dynamic,GNU GENERAL PUBLIC LICENSE; Version 2 + Classpath Exception
hk2-api,2.6.1,Oracle Corporation,https://openjdk.java.net/legal/gplv2+ce.html,http://www.oracle.com,https://mvnrepository.com/artifact/org.glassfish.hk2/hk2-api/2.6.1,https://mvnrepository.com/artifact/org.glassfish.hk2/hk2-api/2.6.1,Dynamic,GNU GENERAL PUBLIC LICENSE; Version 2 + Classpath Exception
hk2-core,2.6.1,Oracle Corporation,https://openjdk.java.net/legal/gplv2+ce.html,http://www.oracle.com,https://mvnrepository.com/artifact/org.glassfish.hk2/hk2-core/2.6.1,https://mvnrepository.com/artifact/org.glassfish.hk2/hk2-core/2.6.1,Dynamic,GNU GENERAL PUBLIC LICENSE; Version 2 + Classpath Exception
hk2-locator,2.6.1,Oracle Corporation,https://openjdk.java.net/legal/gplv2+ce.html,http://www.oracle.com,https://mvnrepository.com/artifact/org.glassfish.hk2/hk2-locator/2.6.1,https://mvnrepository.com/artifact/org.glassfish.hk2/hk2-locator/2.6.1,Dynamic,GNU GENERAL PUBLIC LICENSE; Version 2 + Classpath Exception
hk2-runlevel,2.6.1,Oracle Corporation,https://openjdk.java.net/legal/gplv2+ce.html,http://www.oracle.com,https://mvnrepository.com/artifact/org.glassfish.hk2/hk2-runlevel/2.6.1,https://mvnrepository.com/artifact/org.glassfish.hk2/hk2-runlevel/2.6.1,Dynamic,GNU GENERAL PUBLIC LICENSE; Version 2 + Classpath Exception
hk2-utils,2.6.1,Oracle Corporation,https://openjdk.java.net/legal/gplv2+ce.html,http://www.oracle.com,https://mvnrepository.com/artifact/org.glassfish.hk2/hk2-utils/2.6.1,https://mvnrepository.com/artifact/org.glassfish.hk2/hk2-utils/2.6.1,Dynamic,GNU GENERAL PUBLIC LICENSE; Version 2 + Classpath Exception
osgi-resource-locator,1.0.3,Eclipse Foundation,https://openjdk.java.net/legal/gplv2+ce.html,https://www.eclipse.org,https://mvnrepository.com/artifact/org.glassfish.hk2/osgi-resource-locator/1.0.3,https://mvnrepository.com/artifact/org.glassfish.hk2/osgi-resource-locator/1.0.3,Dynamic,GNU GENERAL PUBLIC LICENSE; Version 2 + Classpath Exception
spring-bridge,2.6.1,Oracle Corporation,https://openjdk.java.net/legal/gplv2+ce.html,http://www.oracle.com,https://mvnrepository.com/artifact/org.glassfish.hk2/spring-bridge/2.6.1,https://mvnrepository.com/artifact/org.glassfish.hk2/spring-bridge/2.6.1,Dynamic,GNU GENERAL PUBLIC LICENSE; Version 2 + Classpath Exception
aopalliance-repackaged,2.6.1,Oracle Corporation,https://openjdk.java.net/legal/gplv2+ce.html,http://www.oracle.com,https://mvnrepository.com/artifact/org.glassfish.hk2.external/aopalliance-repackaged/2.6.1,https://mvnrepository.com/artifact/org.glassfish.hk2.external/aopalliance-repackaged/2.6.1,Dynamic,GNU GENERAL PUBLIC LICENSE; Version 2 + Classpath Exception
jakarta.inject,2.6.1,Oracle Corporation,https://openjdk.java.net/legal/gplv2+ce.html,http://www.oracle.com,https://mvnrepository.com/artifact/org.glassfish.hk2.external/jakarta.inject/2.6.1,https://mvnrepository.com/artifact/org.glassfish.hk2.external/jakarta.inject/2.6.1,Dynamic,GNU GENERAL PUBLIC LICENSE; Version 2 + Classpath Exception
jaxb-runtime,2.3.4,Eclipse Foundation,null,https://www.eclipse.org,https://mvnrepository.com/artifact/org.glassfish.jaxb/jaxb-runtime/2.3.4,https://mvnrepository.com/artifact/org.glassfish.jaxb/jaxb-runtime/2.3.4,Dynamic,PUBLIC DOMAIN
txw2,2.3.4,Eclipse Foundation,null,,https://mvnrepository.com/artifact/org.glassfish.jaxb/txw2/2.3.4,https://mvnrepository.com/artifact/org.glassfish.jaxb/txw2/2.3.4,Dynamic,PUBLIC DOMAIN
jersey-container-servlet,2.35,Eclipse Foundation,jquery.org/license,https://www.eclipse.org/org/foundation/,https://mvnrepository.com/artifact/org.glassfish.jersey.containers/jersey-container-servlet/2.35,https://mvnrepository.com/artifact/org.glassfish.jersey.containers/jersey-container-servlet/2.35,Dynamic,jQuery license
jersey-container-servlet-core,2.35,Eclipse Foundation,jquery.org/license,https://www.eclipse.org/org/foundation/,https://mvnrepository.com/artifact/org.glassfish.jersey.containers/jersey-container-servlet-core/2.35,https://mvnrepository.com/artifact/org.glassfish.jersey.containers/jersey-container-servlet-core/2.35,Dynamic,jQuery license
jersey-client,2.35,Eclipse Foundation,jquery.org/license,https://www.eclipse.org/org/foundation/,https://mvnrepository.com/artifact/org.glassfish.jersey.core/jersey-client/2.35,https://mvnrepository.com/artifact/org.glassfish.jersey.core/jersey-client/2.35,Dynamic,jQuery license
jersey-common,2.35,Eclipse Foundation,jquery.org/license,https://www.eclipse.org/org/foundation/,https://mvnrepository.com/artifact/org.glassfish.jersey.core/jersey-common/2.35,https://mvnrepository.com/artifact/org.glassfish.jersey.core/jersey-common/2.35,Dynamic,jQuery license
jersey-server,2.35,Eclipse Foundation,jquery.org/license,https://www.eclipse.org/org/foundation/,https://mvnrepository.com/artifact/org.glassfish.jersey.core/jersey-server/2.35,https://mvnrepository.com/artifact/org.glassfish.jersey.core/jersey-server/2.35,Dynamic,jQuery license
jersey-bean-validation,2.35,Eclipse Foundation,jquery.org/license,https://www.eclipse.org/org/foundation/,https://mvnrepository.com/artifact/org.glassfish.jersey.ext/jersey-bean-validation/2.35,https://mvnrepository.com/artifact/org.glassfish.jersey.ext/jersey-bean-validation/2.35,Dynamic,jQuery license
jersey-entity-filtering,2.35,Eclipse Foundation,jquery.org/license,https://www.eclipse.org/org/foundation/,https://mvnrepository.com/artifact/org.glassfish.jersey.ext/jersey-entity-filtering/2.35,https://mvnrepository.com/artifact/org.glassfish.jersey.ext/jersey-entity-filtering/2.35,Dynamic,jQuery license
jersey-spring5,2.35,Eclipse Foundation,jquery.org/license,,https://mvnrepository.com/artifact/org.glassfish.jersey.ext/jersey-spring5/2.35,https://mvnrepository.com/artifact/org.glassfish.jersey.ext/jersey-spring5/2.35,Dynamic,jQuery license
jersey-hk2,2.35,Eclipse Foundation,jquery.org/license,https://www.eclipse.org/org/foundation/,https://mvnrepository.com/artifact/org.glassfish.jersey.inject/jersey-hk2/2.35,https://mvnrepository.com/artifact/org.glassfish.jersey.inject/jersey-hk2/2.35,Dynamic,jQuery license
jersey-media-json-jackson,2.35,Eclipse Foundation,jquery.org/license,https://www.eclipse.org/org/foundation/,https://mvnrepository.com/artifact/org.glassfish.jersey.media/jersey-media-json-jackson/2.35,https://mvnrepository.com/artifact/org.glassfish.jersey.media/jersey-media-json-jackson/2.35,Dynamic,jQuery license
hibernate-validator,6.2.0.Final,org.hibernate.validator,https://www.apache.org/licenses/LICENSE-2.0,,https://mvnrepository.com/artifact/org.hibernate.validator/hibernate-validator/6.2.0.Final,https://mvnrepository.com/artifact/org.hibernate.validator/hibernate-validator/6.2.0.Final,Dynamic,Apache License; Version 2.0
javassist,3.25.0-GA,Shigeru Chiba; www.javassist.org,https://www.mozilla.org/en-US/MPL/1.1,http://www.javassist.org/,https://mvnrepository.com/artifact/org.javassist/javassist/3.25.0-GA,https://mvnrepository.com/artifact/org.javassist/javassist/3.25.0-GA,Dynamic,Mozilla Public License Version 1.1
jboss-logging,3.4.1.Final,JBoss by Red Hat,http://repository.jboss.org/licenses/cc0-1.0.txt,http://www.jboss.org,https://mvnrepository.com/artifact/org.jboss.logging/jboss-logging/3.4.1.Final,https://mvnrepository.com/artifact/org.jboss.logging/jboss-logging/3.4.1.Final,Dynamic,PUBLIC DOMAIN
annotations,13.0,,https://www.apache.org/licenses/LICENSE-2.0,http://www.jetbrains.org,https://mvnrepository.com/artifact/org.jetbrains/annotations/13.0,https://mvnrepository.com/artifact/org.jetbrains/annotations/13.0,Dynamic,Apache License; Version 2.0
kotlin-reflect,1.6.10,JetBrains,https://www.apache.org/licenses/LICENSE-2.0,https://kotlinlang.org/,https://mvnrepository.com/artifact/org.jetbrains.kotlin/kotlin-reflect/1.6.10,https://mvnrepository.com/artifact/org.jetbrains.kotlin/kotlin-reflect/1.6.10,Dynamic,Apache License; Version 2.0
kotlin-stdlib,1.6.10,JetBrains,https://www.apache.org/licenses/LICENSE-2.0,https://kotlinlang.org/,https://mvnrepository.com/artifact/org.jetbrains.kotlin/kotlin-stdlib/1.6.10,https://mvnrepository.com/artifact/org.jetbrains.kotlin/kotlin-stdlib/1.6.10,Dynamic,Apache License; Version 2.0
kotlin-stdlib-common,1.6.10,JetBrains,https://www.apache.org/licenses/LICENSE-2.0,https://kotlinlang.org/,https://mvnrepository.com/artifact/org.jetbrains.kotlin/kotlin-stdlib-common/1.6.10,https://mvnrepository.com/artifact/org.jetbrains.kotlin/kotlin-stdlib-common/1.6.10,Dynamic,Apache License; Version 2.0
kotlin-stdlib-jdk7,1.6.10,JetBrains,https://www.apache.org/licenses/LICENSE-2.0,https://kotlinlang.org/,https://mvnrepository.com/artifact/org.jetbrains.kotlin/kotlin-stdlib-jdk7/1.6.10,https://mvnrepository.com/artifact/org.jetbrains.kotlin/kotlin-stdlib-jdk7/1.6.10,Dynamic,Apache License; Version 2.0
kotlin-stdlib-jdk8,1.6.10,JetBrains,https://www.apache.org/licenses/LICENSE-2.0,https://kotlinlang.org/,https://mvnrepository.com/artifact/org.jetbrains.kotlin/kotlin-stdlib-jdk8/1.6.10,https://mvnrepository.com/artifact/org.jetbrains.kotlin/kotlin-stdlib-jdk8/1.6.10,Dynamic,Apache License; Version 2.0
kotlinx-coroutines-core,1.5.2,,https://www.apache.org/licenses/LICENSE-2.0,https://github.com/Kotlin/kotlinx.coroutines,https://mvnrepository.com/artifact/org.jetbrains.kotlinx/kotlinx-coroutines-core/1.5.2,https://mvnrepository.com/artifact/org.jetbrains.kotlinx/kotlinx-coroutines-core/1.5.2,Dynamic,Apache License; Version 2.0
kotlinx-coroutines-core-jvm,1.5.2,,https://www.apache.org/licenses/LICENSE-2.0,https://github.com/Kotlin/kotlinx.coroutines,https://mvnrepository.com/artifact/org.jetbrains.kotlinx/kotlinx-coroutines-core-jvm/1.5.2,https://mvnrepository.com/artifact/org.jetbrains.kotlinx/kotlinx-coroutines-core-jvm/1.5.2,Dynamic,Apache License; Version 2.0
kotlinx-coroutines-jdk8,1.5.2,,https://www.apache.org/licenses/LICENSE-2.0,https://github.com/Kotlin/kotlinx.coroutines,https://mvnrepository.com/artifact/org.jetbrains.kotlinx/kotlinx-coroutines-jdk8/1.5.2,https://mvnrepository.com/artifact/org.jetbrains.kotlinx/kotlinx-coroutines-jdk8/1.5.2,Dynamic,Apache License; Version 2.0
lz4-java,1.8.0,,https://www.apache.org/licenses/LICENSE-2.0,https://github.com/lz4/lz4-java,https://mvnrepository.com/artifact/org.lz4/lz4-java/1.8.0,https://mvnrepository.com/artifact/org.lz4/lz4-java/1.8.0,Dynamic,Apache License; Version 2.0
objenesis,2.1,Joe Walnes; Henri Tremblay; Leonardo Mesquita,https://www.apache.org/licenses/LICENSE-2.0,http://objenesis.org,https://mvnrepository.com/artifact/org.objenesis/objenesis/2.1,https://mvnrepository.com/artifact/org.objenesis/objenesis/2.1,Dynamic,Apache License; Version 2.0
asm,7.1,OW2,https://asm.ow2.io/license.html,https://asm.ow2.io/,https://mvnrepository.com/artifact/org.ow2.asm/asm/7.1,https://mvnrepository.com/artifact/org.ow2.asm/asm/7.1,Dynamic,The 3-Clause BSD License
asm-analysis,7.1,OW2,https://asm.ow2.io/license.html,https://asm.ow2.io/,https://mvnrepository.com/artifact/org.ow2.asm/asm-analysis/7.1,https://mvnrepository.com/artifact/org.ow2.asm/asm-analysis/7.1,Dynamic,The 3-Clause BSD License
asm-commons,7.1,OW2,https://asm.ow2.io/license.html,https://asm.ow2.io/,https://mvnrepository.com/artifact/org.ow2.asm/asm-commons/7.1,https://mvnrepository.com/artifact/org.ow2.asm/asm-commons/7.1,Dynamic,The 3-Clause BSD License
asm-tree,7.1,OW2,https://asm.ow2.io/license.html,https://asm.ow2.io/,https://mvnrepository.com/artifact/org.ow2.asm/asm-tree/7.1,https://mvnrepository.com/artifact/org.ow2.asm/asm-tree/7.1,Dynamic,The 3-Clause BSD License
asm-util,7.1,OW2,https://asm.ow2.io/license.html,https://asm.ow2.io/,https://mvnrepository.com/artifact/org.ow2.asm/asm-util/7.1,https://mvnrepository.com/artifact/org.ow2.asm/asm-util/7.1,Dynamic,The 3-Clause BSD License
scala-compiler,2.12.7,LAMP/EPFL,https://opensource.org/licenses/BSD-3-Clause,http://www.scala-lang.org/,https://mvnrepository.com/artifact/org.scala-lang/scala-compiler/2.12.7,https://mvnrepository.com/artifact/org.scala-lang/scala-compiler/2.12.7,Dynamic,The 3-Clause BSD License
scala-library,2.12.7,LAMP/EPFL,https://opensource.org/licenses/BSD-3-Clause,http://www.scala-lang.org/,https://mvnrepository.com/artifact/org.scala-lang/scala-library/2.12.7,https://mvnrepository.com/artifact/org.scala-lang/scala-library/2.12.7,Dynamic,The 3-Clause BSD License
scala-reflect,2.12.7,LAMP/EPFL,https://opensource.org/licenses/BSD-3-Clause,http://www.scala-lang.org/,https://mvnrepository.com/artifact/org.scala-lang/scala-reflect/2.12.7,https://mvnrepository.com/artifact/org.scala-lang/scala-reflect/2.12.7,Dynamic,The 3-Clause BSD License
scala-xml_2.12,1.0.6,org.scala-lang.modules,https://opensource.org/licenses/BSD-3-Clause,http://www.scala-lang.org/,https://mvnrepository.com/artifact/org.scala-lang.modules/scala-xml_2.12/1.0.6,https://mvnrepository.com/artifact/org.scala-lang.modules/scala-xml_2.12/1.0.6,Dynamic,The 3-Clause BSD License
jul-to-slf4j,1.7.33,QOS.ch; SLF4J.ORG,https://opensource.org/licenses/MIT,http://www.slf4j.org,https://mvnrepository.com/artifact/org.slf4j/jul-to-slf4j/1.7.33,https://mvnrepository.com/artifact/org.slf4j/jul-to-slf4j/1.7.33,Dynamic,MIT License
slf4j-api,1.7.33,QOS.ch; SLF4J.ORG,https://opensource.org/licenses/MIT,http://www.slf4j.org,https://mvnrepository.com/artifact/org.slf4j/slf4j-api/1.7.33,https://mvnrepository.com/artifact/org.slf4j/slf4j-api/1.7.33,Dynamic,MIT License
spring-aop,5.3.15,Spring IO,https://www.apache.org/licenses/LICENSE-2.0,https://github.com/spring-projects/spring-framework,https://mvnrepository.com/artifact/org.springframework/spring-aop/5.3.15,https://mvnrepository.com/artifact/org.springframework/spring-aop/5.3.15,Dynamic,Apache License; Version 2.0
spring-beans,5.3.15,Spring IO,https://www.apache.org/licenses/LICENSE-2.0,https://github.com/spring-projects/spring-framework,https://mvnrepository.com/artifact/org.springframework/spring-beans/5.3.15,https://mvnrepository.com/artifact/org.springframework/spring-beans/5.3.15,Dynamic,Apache License; Version 2.0
spring-context,5.3.15,Spring IO,https://www.apache.org/licenses/LICENSE-2.0,https://github.com/spring-projects/spring-framework,https://mvnrepository.com/artifact/org.springframework/spring-context/5.3.15,https://mvnrepository.com/artifact/org.springframework/spring-context/5.3.15,Dynamic,Apache License; Version 2.0
spring-core,5.3.15,Spring IO,https://www.apache.org/licenses/LICENSE-2.0,https://github.com/spring-projects/spring-framework,https://mvnrepository.com/artifact/org.springframework/spring-core/5.3.15,https://mvnrepository.com/artifact/org.springframework/spring-core/5.3.15,Dynamic,Apache License; Version 2.0
spring-expression,5.3.15,Spring IO,https://www.apache.org/licenses/LICENSE-2.0,https://github.com/spring-projects/spring-framework,https://mvnrepository.com/artifact/org.springframework/spring-expression/5.3.15,https://mvnrepository.com/artifact/org.springframework/spring-expression/5.3.15,Dynamic,Apache License; Version 2.0
spring-jcl,5.3.15,Spring IO,https://www.apache.org/licenses/LICENSE-2.0,https://github.com/spring-projects/spring-framework,https://mvnrepository.com/artifact/org.springframework/spring-jcl/5.3.15,https://mvnrepository.com/artifact/org.springframework/spring-jcl/5.3.15,Dynamic,Apache License; Version 2.0
spring-web,5.3.15,Spring IO,https://www.apache.org/licenses/LICENSE-2.0,https://github.com/spring-projects/spring-framework,https://mvnrepository.com/artifact/org.springframework/spring-web/5.3.15,https://mvnrepository.com/artifact/org.springframework/spring-web/5.3.15,Dynamic,Apache License; Version 2.0
spring-boot,2.6.3,Pivotal Software; Inc.,https://www.apache.org/licenses/LICENSE-2.0,https://spring.io/projects/spring-boot,https://mvnrepository.com/artifact/org.springframework.boot/spring-boot/2.6.3,https://mvnrepository.com/artifact/org.springframework.boot/spring-boot/2.6.3,Dynamic,Apache License; Version 2.0
spring-boot-autoconfigure,2.6.3,Pivotal Software; Inc.,https://www.apache.org/licenses/LICENSE-2.0,https://spring.io/projects/spring-boot,https://mvnrepository.com/artifact/org.springframework.boot/spring-boot-autoconfigure/2.6.3,https://mvnrepository.com/artifact/org.springframework.boot/spring-boot-autoconfigure/2.6.3,Dynamic,Apache License; Version 2.0
spring-boot-starter,2.6.3,Pivotal Software; Inc.,https://www.apache.org/licenses/LICENSE-2.0,https://spring.io/projects/spring-boot,https://mvnrepository.com/artifact/org.springframework.boot/spring-boot-starter/2.6.3,https://mvnrepository.com/artifact/org.springframework.boot/spring-boot-starter/2.6.3,Dynamic,Apache License; Version 2.0
spring-boot-starter-jersey,2.6.3,Pivotal Software; Inc.,https://www.apache.org/licenses/LICENSE-2.0,https://spring.io/projects/spring-boot,https://mvnrepository.com/artifact/org.springframework.boot/spring-boot-starter-jersey/2.6.3,https://mvnrepository.com/artifact/org.springframework.boot/spring-boot-starter-jersey/2.6.3,Dynamic,Apache License; Version 2.0
spring-boot-starter-json,2.6.3,Pivotal Software; Inc.,https://www.apache.org/licenses/LICENSE-2.0,https://spring.io/projects/spring-boot,https://mvnrepository.com/artifact/org.springframework.boot/spring-boot-starter-json/2.6.3,https://mvnrepository.com/artifact/org.springframework.boot/spring-boot-starter-json/2.6.3,Dynamic,Apache License; Version 2.0
spring-boot-starter-logging,2.6.3,Pivotal Software; Inc.,https://www.apache.org/licenses/LICENSE-2.0,https://spring.io/projects/spring-boot,https://mvnrepository.com/artifact/org.springframework.boot/spring-boot-starter-logging/2.6.3,https://mvnrepository.com/artifact/org.springframework.boot/spring-boot-starter-logging/2.6.3,Dynamic,Apache License; Version 2.0
spring-boot-starter-security,2.6.3,Pivotal Software; Inc.,https://www.apache.org/licenses/LICENSE-2.0,https://spring.io/projects/spring-boot,https://mvnrepository.com/artifact/org.springframework.boot/spring-boot-starter-security/2.6.3,https://mvnrepository.com/artifact/org.springframework.boot/spring-boot-starter-security/2.6.3,Dynamic,Apache License; Version 2.0
spring-boot-starter-tomcat,2.6.3,Pivotal Software; Inc.,https://www.apache.org/licenses/LICENSE-2.0,https://spring.io/projects/spring-boot,https://mvnrepository.com/artifact/org.springframework.boot/spring-boot-starter-tomcat/2.6.3,https://mvnrepository.com/artifact/org.springframework.boot/spring-boot-starter-tomcat/2.6.3,Dynamic,Apache License; Version 2.0
spring-boot-starter-validation,2.6.3,Pivotal Software; Inc.,https://www.apache.org/licenses/LICENSE-2.0,https://spring.io/projects/spring-boot,https://mvnrepository.com/artifact/org.springframework.boot/spring-boot-starter-validation/2.6.3,https://mvnrepository.com/artifact/org.springframework.boot/spring-boot-starter-validation/2.6.3,Dynamic,Apache License; Version 2.0
spring-security-config,5.6.1,Pivotal Software; Inc.,https://www.apache.org/licenses/LICENSE-2.0,https://spring.io/projects/spring-security,https://mvnrepository.com/artifact/org.springframework.security/spring-security-config/5.6.1,https://mvnrepository.com/artifact/org.springframework.security/spring-security-config/5.6.1,Dynamic,Apache License; Version 2.0
spring-security-core,5.6.1,Pivotal Software; Inc.,https://www.apache.org/licenses/LICENSE-2.0,https://spring.io/projects/spring-security,https://mvnrepository.com/artifact/org.springframework.security/spring-security-core/5.6.1,https://mvnrepository.com/artifact/org.springframework.security/spring-security-core/5.6.1,Dynamic,Apache License; Version 2.0
spring-security-crypto,5.6.1,Pivotal Software; Inc.,https://www.apache.org/licenses/LICENSE-2.0,https://spring.io/projects/spring-security,https://mvnrepository.com/artifact/org.springframework.security/spring-security-crypto/5.6.1,https://mvnrepository.com/artifact/org.springframework.security/spring-security-crypto/5.6.1,Dynamic,Apache License; Version 2.0
spring-security-web,5.6.1,Pivotal Software; Inc.,https://www.apache.org/licenses/LICENSE-2.0,https://spring.io/projects/spring-security,https://mvnrepository.com/artifact/org.springframework.security/spring-security-web/5.6.1,https://mvnrepository.com/artifact/org.springframework.security/spring-security-web/5.6.1,Dynamic,Apache License; Version 2.0
snappy-java,1.1.8.3,xerial.org,https://www.apache.org/licenses/LICENSE-2.0,https://github.com/xerial/snappy-java,https://mvnrepository.com/artifact/org.xerial.snappy/snappy-java/1.1.8.3,https://mvnrepository.com/artifact/org.xerial.snappy/snappy-java/1.1.8.3,Dynamic,Apache License; Version 2.0
snakeyaml,1.27,,https://www.apache.org/licenses/LICENSE-2.0,http://www.snakeyaml.org,https://mvnrepository.com/artifact/org.yaml/snakeyaml/1.27,https://mvnrepository.com/artifact/org.yaml/snakeyaml/1.27,Dynamic,Apache License; Version 2.0
snakeyaml,1.29,,https://www.apache.org/licenses/LICENSE-2.0,http://www.snakeyaml.org,https://mvnrepository.com/artifact/org.yaml/snakeyaml/1.29,https://mvnrepository.com/artifact/org.yaml/snakeyaml/1.29,Dynamic,Apache License; Version 2.0
